m_code,m_name,a_acc,r_day
20184889,어벤져스: 엔드게임,10952412,20190430
20185784,나의 특별한 형제,660863,20190430
20198183,뽀로로 극장판 보물섬 대모험,580290,20190430
20198598,명탐정 피카츄,119718,20190430
20197147,어글리 돌,37541,20190430
20183096,생일,1191115,20190430
20181877,캡틴 마블,5796057,20190430
20169323,안도 타다오,18101,20190430
20060347,판의 미로 - 오필리아와 세 개의 열쇠,482423,20190430
20199736,프렌즈: 둥지탈출,10178,20190430
20183454,요로나의 저주,197127,20190423
20180825,미성년,279305,20190423
20198982,크게 될 놈,90320,20190423
19990220,노팅 힐 ,49958,20190423
20176103,돈,3388759,20190423
20198104,바이스,131698,20190423
20185406,헬보이,311910,20190416
20182501,왓칭,46139,20190416
20198844,아이 엠 마더,83953,20190416
20196244,샤잠!,636971,20190409
20185352,어스,1450903,20190409
20197423,공포의 묘지,87134,20190409
20183773,장난스런 키스,390548,20190409
20198403,파이브 피트,67395,20190409
20196025,덤보,296253,20190402
20197092,로망,46938,20190402
20198146,콜레트,35223,20190402
20197846,악질경찰,254451,20190326
20175407,우상,175481,20190326
20166301,썬키스 패밀리,26086,20190326
20197483,1919 유관순,46858,20190326
20197283,이스케이프 룸,544462,20190319
20197356,라스트 미션,93476,20190319
20198603,페이트 스테이 나이트 헤븐즈필 제2장 로스트 버터플라이,24340,20190319
20197617,정글북: 마법 원정대,22534,20190319
20184574,그린 북,409871,20190319
20196601,항거:유관순 이야기,1143978,20190319
20182530,극한직업,16243233,20190312
20185881,증인,2519150,20190312
20177539,사바하,2389760,20190312
20196723,숲속왕국의 꿀벌 여왕,18305,20190312
20180937,더 페이버릿: 여왕의 여자,133508,20190305
20177282,리노,16489,20190305
20176442,자전차왕 엄복동,168884,20190305
20195743,신데렐라:마법 반지의 비밀,281705,20190305
20195791,"어쩌다, 결혼",70827,20190226
20186261,드래곤 길들이기 3,1498759,20190226
20188282,알리타: 배틀 엔젤,1946206,20190226
20195915,해피 데스데이 2 유,392397,20190219
20020222,해리포터와 비밀의 방,79301,20190219
20185576,콜드 체이싱,78303,20190219
20184888,메리 포핀스 리턴즈,199519,20190219
20174169,기묘한 가족,216254,20190212
20180868,뺑반,1821147,20190212
20162003,명탐정 코난:전율의 악보,83376,20190212
20185478,극장판 헬로카봇: 옴파로스 섬의 비밀,558144,20190212
20185444,레고 무비2,71030,20190205
20184105,말모이,2848736,20190205
20185124,러브 유어셀프 인 서울,342366,20190205
20184896,가버나움,87787,20190205
20176251,내안의 그놈,1910802,20190129
20189463,주먹왕 랄프 2: 인터넷 속으로,1754950,20190129
20182544,글래스,452460,20190122
20186324,언더독,176837,20190122
20185485,보헤미안 랩소디,9910706,20190122
20189385,몬스터 파크,30571,20190122
20180290,아쿠아맨,5019235,20190115
20183915,극장판 공룡메카드: 타이니소어의 섬,379569,20190115
20182588,미래의 미라이,77985,20190115
20186281,범블비,1553491,20190108
20170658,PMC: 더 벙커,1665200,20190108
20175547,스윙키즈,1462874,20190108
20183785,점박이 한반도의 공룡2 : 새로운 낙원,521053,20190101
20184187,언니,172338,20190101
20182421,그린치,543813,20190101
20168773,마약왕,1787825,20181225
20183479,극장판 짱구는 못말려: 아뵤! 쿵후 보이즈 ~라면 대란~,259753,20181225
20183238,스파이더맨: 뉴 유니버스,628327,20181225
20177552,국가부도의 날,3723913,20181218
20179230,도어락,1546002,20181218
20183375,극장판 포켓몬스터 모두의 이야기,86997,20181218
20189843,호두까기 인형과 4개의 왕국,408425,20181211
20182082,부탁 하나만 들어줘,87501,20181211
20178825,모털 엔진,262070,20181211
20183745,런닝맨 : 풀룰루의 역습,180709,20181211
20177538,완벽한 타인,5270621,20181211
20184481,성난황소,1567264,20181204
20181905,후드,276658,20181204
20176814,신비한 동물들과 그린델왈드의 범죄,2403686,20181204
20183073,베일리 어게인,78439,20181127
20181171,바울,229837,20181127
20183007,거미줄에 걸린 소녀,25172,20181127
20182966,투 프렌즈,20419,20181127
20183050,번 더 스테이지: 더 무비,298402,20181120
20182935,출국,71407,20181120
20182669,툴리,24325,20181120
20186822,너의 췌장을 먹고 싶어,48910,20181120
20170513,동네사람들,445625,20181113
20189869,해피 투게더,15745,20181113
20174981,창궐,1588443,20181106
20010291,해리포터와 마법사의 돌,259733,20181106
20179006,여곡성,55997,20181106
20181404,벽 속에 숨은 마법시계,211233,20181106
20180523,스타 이즈 본,458917,20181106
20182693,구스범스: 몬스터의 역습,21400,20181106
20180987,할로윈,90492,20181030
20179189,암수살인,3777611,20181030
20189067,미쓰백,710780,20181030
20182403,크레이지 리치 아시안,147806,20181030
20186321,퍼스트맨,630470,20181023
20177221,베놈,3851409,20181023
20189123,곰돌이 푸 다시 만나 행복해,486038,20181023
20176122,안시성,5413370,20181016
20184678,배반의 장미,29890,20181016
20187521,펭귄 하이웨이,25631,20181016
20180628,액슬,12152,20181016
20180770,다이노 어드벤처2: 육해공 공룡 대백과,34822,20181009
20189462,셜록 놈즈,83846,20181009
20177308,협상,1953273,20181009
20188661,에브리데이,21620,20181009
20172204,명당,2066465,20181002
20167903,원더풀 고스트,439910,20181002
20189262,더 넌,1007366,20181002
20185046,서치,2944333,20181002
20188304,극장판 요괴워치 섀도사이드: 도깨비왕의 부활,151054,20180925
20189268,루이스,89501,20180925
20180167,에그엔젤 코코밍: 두근두근 핼러윈 파티,42980,20180925
20189746,극장판 뽀잉: 슈퍼 변신의 비밀,35688,20180925
