[
{
    "model": "accounts.user",
    "pk": 1,
    "fields": {
        "password": "pbkdf2_sha256$120000$AjwPCDYn22CG$wkkN7J8C4W8eKONppAV2dvTi5ad91CfltbSKnUw2ibE=",
        "last_login": "2019-05-15T21:36:07.911",
        "is_superuser": false,
        "username": "test1",
        "first_name": "",
        "last_name": "",
        "email": "",
        "is_staff": false,
        "is_active": true,
        "date_joined": "2019-05-15T15:10:03.990",
        "groups": [],
        "user_permissions": [],
        "followersU": [
            3
        ],
        "followersA": [],
        "followersD": []
    }
},
{
    "model": "accounts.user",
    "pk": 2,
    "fields": {
        "password": "pbkdf2_sha256$120000$W9y0V7qeNXX7$+X3He4Pz/rHfXasFtbCMErNB3dfrw1YatvOuCEFooXI=",
        "last_login": "2019-05-16T08:55:50.395",
        "is_superuser": true,
        "username": "hongyong3",
        "first_name": "",
        "last_name": "",
        "email": "",
        "is_staff": true,
        "is_active": true,
        "date_joined": "2019-05-15T15:10:59.956",
        "groups": [],
        "user_permissions": [],
        "followersU": [],
        "followersA": [],
        "followersD": []
    }
},
{
    "model": "accounts.user",
    "pk": 3,
    "fields": {
        "password": "pbkdf2_sha256$120000$ahwZPSR0WENv$9NVUmkREq+0FEZtVSJmIfYI9gzgOwo+RvNEysOG62wI=",
        "last_login": "2019-05-15T17:17:21.940",
        "is_superuser": false,
        "username": "test2",
        "first_name": "",
        "last_name": "",
        "email": "",
        "is_staff": false,
        "is_active": true,
        "date_joined": "2019-05-15T17:17:21.688",
        "groups": [],
        "user_permissions": [],
        "followersU": [],
        "followersA": [],
        "followersD": []
    }
},
{
    "model": "accounts.user",
    "pk": 4,
    "fields": {
        "password": "pbkdf2_sha256$120000$X6ghhWI9WV0M$g9LcCpb+IOZF0VLQT7bcP4xlmoaahcVSJ0L4PNTR4n8=",
        "last_login": null,
        "is_superuser": false,
        "username": "test3",
        "first_name": "",
        "last_name": "",
        "email": "",
        "is_staff": false,
        "is_active": true,
        "date_joined": "2019-05-16T08:47:37.144",
        "groups": [],
        "user_permissions": [],
        "followersU": [],
        "followersA": [],
        "followersD": []
    }
},
{
    "model": "accounts.user",
    "pk": 5,
    "fields": {
        "password": "pbkdf2_sha256$120000$YkaQohppNQdZ$nlDnNPtl/L6/mCVOIkr5qHDvq46U9V2fHWuRj0+CGqg=",
        "last_login": null,
        "is_superuser": false,
        "username": "test4",
        "first_name": "",
        "last_name": "",
        "email": "",
        "is_staff": false,
        "is_active": true,
        "date_joined": "2019-05-16T08:48:12.913",
        "groups": [],
        "user_permissions": [],
        "followersU": [],
        "followersA": [],
        "followersD": []
    }
},
{
    "model": "accounts.user",
    "pk": 6,
    "fields": {
        "password": "pbkdf2_sha256$120000$aqMHH43yL6yT$MDdMKfOSQHqceBE5D6+bLCSdfXze7DTm5gI0I1i5bfA=",
        "last_login": null,
        "is_superuser": true,
        "username": "superuser",
        "first_name": "",
        "last_name": "",
        "email": "",
        "is_staff": true,
        "is_active": true,
        "date_joined": "2019-05-16T16:41:23.060",
        "groups": [],
        "user_permissions": [],
        "followersU": [],
        "followersA": [],
        "followersD": []
    }
}
]
